-- Lunar Festival NPC's spawn (by Bastek)
DELETE FROM game_event_creature WHERE event = 7;
INSERT INTO game_event_creature VALUES
(13276850, 7), -- Elders
(151150, 7),
(72239, 7),
(70560, 7),
(70574, 7),
(70567, 7),
(70572, 7),
(151146, 7),
(72238, 7),
(91631, 7),
(91598, 7),
(91610, 7),
(75117, 7),
(70576, 7),
(91603, 7),
(151155, 7),
(151139, 7),
(78371, 7),
(78373, 7),
(151154, 7),
(70570, 7),
(91630, 7),
(70564, 7),
(91708, 7),
(34035, 7),
(151152, 7),
(91712, 7),
(70571, 7),
(91713, 7),
(70565, 7),
(78375, 7),
(72237, 7),
(151148, 7),
(151157, 7),
(70573, 7),
(151143, 7),
(34036, 7),
(151142, 7),
(70575, 7),
(70578, 7),
(70553, 7),
(70554, 7),
(70568, 7),
(151144, 7),
(151140, 7),
(70555, 7),
(78374, 7),
(70563, 7),
(72236, 7),
(151147, 7),
(91710, 7),
(78381, 7),
(78372, 7),
(78384, 7),
(70566, 7),
(151156, 7),
(78383, 7),
(70556, 7),
(70557, 7),
(151153, 7),
(151149, 7),
(70561, 7),
(151145, 7),
(151151, 7),
(78382, 7),
(91711, 7),
(70562, 7),
(91562, 7),
(91687, 7), -- Fariel Starsong (Coin of Ancestry Collector)
(91679, 7), -- Valadar Starsong (Coin of Ancestry Collector)
(91622, 7), -- Lunar Festival Emissary
(91623, 7), -- Lunar Festival Emissary
(91624, 7), -- Lunar Festival Emissary
(91628, 7), -- Lunar Festival Emissary
(91629, 7), -- Lunar Festival Emissary
(91633, 7), -- Lunar Festival Emissary
(91634, 7), -- Lunar Festival Emissary
(91637, 7), -- Lunar Festival Emissary
(91688, 7), -- Lunar Festival Emissary
(91572, 7), -- Lunar Festival Harbinger
(91608, 7), -- Lunar Festival Harbinger
(91613, 7), -- Lunar Festival Harbinger
(91626, 7), -- Lunar Festival Harbinger
(91632, 7), -- Lunar Festival Harbinger
(91595, 7), -- Lunar Festival Herald
(91597, 7), -- Lunar Festival Herald
(91599, 7), -- Lunar Festival Herald
(91601, 7), -- Lunar Festival Herald
(91604, 7), -- Lunar Festival Herald
(91605, 7), -- Lunar Festival Herald
(91606, 7), -- Lunar Festival Herald
(91607, 7), -- Lunar Festival Herald
(91609, 7), -- Lunar Festival Herald
(91611, 7), -- Lunar Festival Herald
(91614, 7), -- Lunar Festival Herald
(91615, 7), -- Lunar Festival Herald
(91593, 7), -- Lunar Festival Vendor
(91600, 7), -- Lunar Festival Vendor
(91602, 7), -- Lunar Festival Vendor
(91625, 7), -- Lunar Festival Vendor
(91636, 7), -- Lunar Festival Vendor
(91677, 7), -- Lunar Festival Vendor
(91689, 7), -- Lunar Festival Vendor
(1102, 7), -- Loirea Galerunner (Lunar Festival Herald)
(91571, 7), -- Druman Shadowgrove (Lunar Festival Herald)
(91638, 7), -- Sinnea Starsong (Lunar Festival Herald)
(151137, 7), -- Omen
(91640, 7), -- Orgrimmar Reveler
(91656, 7),
(91666, 7),
(91670, 7),
(91674, 7),
(91648, 7), -- Undercity Reveler
(91653, 7),
(91659, 7),
(91673, 7),
(91675, 7),
(91654, 7), -- Ironforge Reveler
(91665, 7),
(91668, 7),
(91671, 7),
(91672, 7),
(91644, 7), -- Stormwind Reveler
(91655, 7),
(91663, 7),
(91664, 7),
(91669, 7),
(91651, 7), -- Thunder Bluff Reveler
(91657, 7),
(91661, 7),
(91662, 7),
(91676, 7),
(91639, 7), -- Darnassus Reveler
(91642, 7),
(91646, 7),
(91652, 7),
(91658, 7),
(91647, 7), -- Lunar Festival Sentinel
(91667, 7),
(91678, 7),
(91680, 7),
(91681, 7),
(91682, 7),
(91683, 7),
(91684, 7),
(91685, 7),
(91686, 7),
(91616, 7),-- Dwarf Commoner
(91617, 7),
(91594, 7), -- Large Spotlight
(91596, 7),
(91612, 7),
(91627, 7),
(91635, 7),
(91641, 7),
(91643, 7),
(91645, 7),
(91649, 7),
(91650, 7),
(91660, 7),
(86595, 7), -- Tauren Commoner
(86732, 7),
(86733, 7),
(91563, 7),
(91564, 7),
(84400, 7), -- Draenei Commoner
(84402, 7),
(84409, 7),
(84410, 7),
(84430, 7),
(84435, 7),
(84440, 7),
(84441, 7),
(91585, 7),
(91586, 7),
(91587, 7),
(91588, 7),
(91589, 7),
(91590, 7),
(91591, 7),
(91592, 7),
(91573, 7), -- Forsaken Commoner
(91574, 7),
(91575, 7),
(91576, 7),
(91577, 7), -- Gnome Commoner
(91578, 7),
(91565, 7), -- Night Elf Commoner
(91566, 7),
(84418, 7), -- Blood Elf Commoner
(84419, 7),
(84423, 7),
(84424, 7),
(91567, 7),
(91568, 7),
(91569, 7),
(91570, 7),
(727, 7), -- Goblin Commoner
(726, 7),
(725, 7),
(724, 7),
(91579, 7),
(91580, 7),
(91581, 7),
(91582, 7),
(91583, 7),
(91584, 7),
(91618, 7), -- Human Commoner
(91619, 7),
(91620, 7),
(91621, 7),
(62848, 7),
(62849, 7);

-- Elders of dungeons (Northrend) add to creature table (by Bastek)
DELETE FROM creature WHERE guid IN (13278155, 13278407, 13278916, 13279034, 13279242, 13279471, 13279685);
INSERT INTO creature VALUES
(13278155, 30531, 574, 1, 1, 0, 0, 176.258362, 76.182884, 74.270515, 3.418580, 25, 0, 0, 12096, 8814, 0, 0), -- Elder Jarten in Utgarde Keep
(13278407, 30536, 576, 1, 1, 0, 0, 338.018829, -236.059723, -14.088821, 3.027805, 25, 0, 0, 12096, 8814, 0, 0), -- Elder Igasho in The Nexus
(13278916, 30533, 571, 1, 1, 0, 0, 3678.050049, 2166.399902, 35.794998, 5.580000, 25, 0, 0, 12096, 8814, 0, 0), -- Elder Nurgen in Azjol-Nerub (at entrance)
(13279034, 30535, 571, 1, 1, 0, 0, 8921.929688, -970.398987, 1039.199951, 4.726000, 25, 0, 0, 12096, 8814, 0, 0), -- Elder Yurauk in the Halls of Stone (at entrance)
(13279242, 30538, 571, 1, 1, 0, 0, 1237.199951, -4859.270020, 218.283005, 0.274000, 25, 0, 0, 12096, 8814, 0, 0), -- Elder Chogan'gada in Utgarde Pinnacle (at entrance)
(13279471, 30537, 604, 1, 1, 0, 0, 1689.161865, 743.484009, 142.782166, 3.053054, 25, 0, 0, 12096, 8814, 0, 0), -- Elder Ohanzee in Gundrak
(13279685, 30534, 600, 1, 1, 0, 0, -495.505951, -729.947937, 30.342432, 1.084109, 25, 0, 0, 12096, 8814, 0, 0); -- Elder Kilias Drak'Tharon Keep

-- Update basic values for 30531, 30536, 30533, 30535, 30538, 30537, 30534
UPDATE creature_template SET minlevel = 80, maxlevel = 80, minhealth = 12096, maxhealth = 12096, minmana = 8814, maxmana = 8814, npcflag = 3 WHERE entry IN (30531, 30536, 30533, 30535, 30538, 30537, 30534);

-- Add questrelation for 30531, 30536, 30533, 30535, 30538, 30537, 30534
DELETE FROM creature_questrelation WHERE id IN (30531, 30536, 30533, 30535, 30538, 30537);
INSERT INTO creature_questrelation VALUES
(30531, 13017), -- Elder Jarten
(30536, 13021), -- Elder Igasho
(30533, 13022), -- Elder Nurgen
(30535, 13066), -- Elder Yurauk
(30538, 13067), -- Elder Chogan'gada
(30537, 13065); -- Elder Ohanzee

-- Add involvedrelation for 30531, 30536, 30533, 30535, 30538, 30537, 30534
DELETE FROM creature_involvedrelation WHERE id IN (30531, 30536, 30533, 30535, 30538, 30537);
INSERT INTO creature_involvedrelation VALUES
(30531, 13017), -- Elder Jarten
(30536, 13021), -- Elder Igasho
(30533, 13022), -- Elder Nurgen
(30535, 13066), -- Elder Yurauk
(30538, 13067), -- Elder Chogan'gada
(30537, 13065); -- Elder Ohanzee

-- Add 30531, 30536, 30533, 30535, 30538, 30537, 30534 to Lunar Festival
DELETE FROM game_event_creature WHERE guid IN
(13278155, 13278407, 13278916, 13279034, 13279242, 13279471, 13279685) AND event = 7;
INSERT INTO game_event_creature VALUES
(13278155, 7),-- Elder Jarten
(13278407, 7), -- Elder Igasho
(13278916, 7), -- Elder Nurgen
(13279034, 7), -- Elder Yurauk
(13279242, 7), -- Elder Chogan'gada
(13279471, 7), -- Elder Ohanzee
(13279685, 7); -- Elder Kilias